insert into SUBJECT_MASTER (SUBJECT_NAME) values ( 'IIT - Chemistry' ) ;
insert into SUBJECT_MASTER (SUBJECT_NAME) values ( 'IIT - Physics' ) ;
insert into SUBJECT_MASTER (SUBJECT_NAME) values ( 'IIT - Maths' ) ;
insert into SUBJECT_MASTER (SUBJECT_NAME) values ( 'ISC - Chemistry' ) ;
insert into SUBJECT_MASTER (SUBJECT_NAME) values ( 'ISC - Physics' ) ;
insert into SUBJECT_MASTER (SUBJECT_NAME) values ( 'ISC - Maths' ) ;
insert into SUBJECT_MASTER (SUBJECT_NAME) values ( 'ISC - Computer' ) ;
insert into SUBJECT_MASTER (SUBJECT_NAME) values ( 'ISC - Lit' ) ;

insert into BOOK_MASTER ( ID, SUBJECT_NAME, BOOK_NAME, AUTHOR_NAMES) values ( 1, 'IIT - Chemistry', 'Concise Inorganic Chemistry', 'JD Lee' ) ;
insert into BOOK_MASTER ( ID, SUBJECT_NAME, BOOK_NAME, AUTHOR_NAMES) values ( 2, 'IIT - Chemistry', 'Organic Chemistry', 'Morrison and Boyd' ) ;
insert into BOOK_MASTER ( ID, SUBJECT_NAME, BOOK_NAME, AUTHOR_NAMES) values ( 3, 'IIT - Chemistry', 'GRB Textbook of Physical Chemistry', 'OP Tandon, AS Singh' ) ;
insert into BOOK_MASTER ( ID, SUBJECT_NAME, BOOK_NAME, AUTHOR_NAMES) values ( 4, 'IIT - Chemistry', 'GRB Textbook of Organic Chemistry', 'OP Tandon, AK Virman' ) ;
insert into BOOK_MASTER ( ID, SUBJECT_NAME, BOOK_NAME, AUTHOR_NAMES) values ( 5, 'IIT - Chemistry', 'GRB Textbook of Inorganic Chemistry', 'OP Tandon' ) ;
insert into BOOK_MASTER ( ID, SUBJECT_NAME, BOOK_NAME, AUTHOR_NAMES) values ( 6, 'IIT - Chemistry', 'GRB Numerical Chemistry', 'P Bahadur' ) ;
insert into BOOK_MASTER ( ID, SUBJECT_NAME, BOOK_NAME, AUTHOR_NAMES) values ( 7, 'IIT - Chemistry', 'Physical Chemistry', 'Peter Atkins, Julio de Paula' ) ;
insert into BOOK_MASTER ( ID, SUBJECT_NAME, BOOK_NAME, AUTHOR_NAMES) values ( 8, 'IIT - Chemistry', 'A Logical approach to Modern Organic Chemistry', 'Jagdamba Singh, S Anandvardhan' ) ;
insert into BOOK_MASTER ( ID, SUBJECT_NAME, BOOK_NAME, AUTHOR_NAMES) values ( 9, 'IIT - Chemistry', 'NCERT Chemistry Part I for Class XI', 'NCERT' ) ;
insert into BOOK_MASTER ( ID, SUBJECT_NAME, BOOK_NAME, AUTHOR_NAMES) values ( 10, 'IIT - Chemistry', 'NCERT Chemistry Part II for Class XI', 'NCERT' ) ;
insert into BOOK_MASTER ( ID, SUBJECT_NAME, BOOK_NAME, AUTHOR_NAMES) values ( 11, 'IIT - Chemistry', 'NCERT Chemistry Part I for Class XII', 'NCERT' ) ;
insert into BOOK_MASTER ( ID, SUBJECT_NAME, BOOK_NAME, AUTHOR_NAMES) values ( 12, 'IIT - Chemistry', 'NCERT Chemistry Part II for Class XII', 'NCERT' ) ;
insert into BOOK_MASTER ( ID, SUBJECT_NAME, BOOK_NAME, AUTHOR_NAMES) values ( 13, 'IIT - Chemistry', '37 Years solved papers for IIT JEE Chemistry', 'Arihant' ) ;
insert into BOOK_MASTER ( ID, SUBJECT_NAME, BOOK_NAME, AUTHOR_NAMES) values ( 14, 'IIT - Chemistry', 'Chemistry for JEE Adv. - Inorganic Chemistry I', 'KS Verma' ) ;
insert into BOOK_MASTER ( ID, SUBJECT_NAME, BOOK_NAME, AUTHOR_NAMES) values ( 15, 'IIT - Chemistry', 'Chemistry for JEE Adv. - Inorganic Chemistry II', 'KS Verma' ) ;
insert into BOOK_MASTER ( ID, SUBJECT_NAME, BOOK_NAME, AUTHOR_NAMES) values ( 16, 'IIT - Chemistry', 'Chemistry for JEE Adv. - Physical Chemistry I', 'KS Verma' ) ;
insert into BOOK_MASTER ( ID, SUBJECT_NAME, BOOK_NAME, AUTHOR_NAMES) values ( 17, 'IIT - Chemistry', 'Chemistry for JEE Adv. - Physical Chemistry II', 'KS Verma' ) ;
insert into BOOK_MASTER ( ID, SUBJECT_NAME, BOOK_NAME, AUTHOR_NAMES) values ( 18, 'IIT - Chemistry', 'Chemistry for JEE Adv. - Organic Chemistry I', 'KS Verma' ) ;
insert into BOOK_MASTER ( ID, SUBJECT_NAME, BOOK_NAME, AUTHOR_NAMES) values ( 19, 'IIT - Chemistry', 'Chemistry for JEE Adv. - Organic Chemistry II', 'KS Verma' ) ;
insert into BOOK_MASTER ( ID, SUBJECT_NAME, BOOK_NAME, AUTHOR_NAMES) values ( 20, 'IIT - Physics', 'Concepts of Physics I', 'HC Verma' ) ;
insert into BOOK_MASTER ( ID, SUBJECT_NAME, BOOK_NAME, AUTHOR_NAMES) values ( 21, 'IIT - Physics', 'Concepts of Physics II', 'HC Verma' ) ;
insert into BOOK_MASTER ( ID, SUBJECT_NAME, BOOK_NAME, AUTHOR_NAMES) values ( 22, 'IIT - Physics', 'Physics for JEE Main & Advanced I', 'Halliday, Resnick, Walker' ) ;
insert into BOOK_MASTER ( ID, SUBJECT_NAME, BOOK_NAME, AUTHOR_NAMES) values ( 23, 'IIT - Physics', 'Physics for JEE Main & Advanced II', 'Halliday, Resnick, Walker' ) ;
insert into BOOK_MASTER ( ID, SUBJECT_NAME, BOOK_NAME, AUTHOR_NAMES) values ( 24, 'IIT - Physics', 'Problems in general physics', 'I E Irodov' ) ;
insert into BOOK_MASTER ( ID, SUBJECT_NAME, BOOK_NAME, AUTHOR_NAMES) values ( 25, 'IIT - Physics', 'Mechanics I', 'DC Pandey' ) ;
insert into BOOK_MASTER ( ID, SUBJECT_NAME, BOOK_NAME, AUTHOR_NAMES) values ( 26, 'IIT - Physics', 'Mechanics II', 'DC Pandey' ) ;
insert into BOOK_MASTER ( ID, SUBJECT_NAME, BOOK_NAME, AUTHOR_NAMES) values ( 27, 'IIT - Physics', 'Electricity and Magnetism', 'DC Pandey' ) ;
insert into BOOK_MASTER ( ID, SUBJECT_NAME, BOOK_NAME, AUTHOR_NAMES) values ( 28, 'IIT - Physics', 'Waves and Thermodynamics', 'DC Pandey' ) ;
insert into BOOK_MASTER ( ID, SUBJECT_NAME, BOOK_NAME, AUTHOR_NAMES) values ( 29, 'IIT - Physics', 'Optics and Modern Physics', 'DC Pandey' ) ;
insert into BOOK_MASTER ( ID, SUBJECT_NAME, BOOK_NAME, AUTHOR_NAMES) values ( 30, 'IIT - Physics', 'NCERT Physics Part I for Class XI', 'NCERT' ) ;
insert into BOOK_MASTER ( ID, SUBJECT_NAME, BOOK_NAME, AUTHOR_NAMES) values ( 31, 'IIT - Physics', 'NCERT Physics Part II for Class XI', 'NCERT' ) ;
insert into BOOK_MASTER ( ID, SUBJECT_NAME, BOOK_NAME, AUTHOR_NAMES) values ( 32, 'IIT - Physics', 'NCERT Physics Part I for Class XII', 'NCERT' ) ;
insert into BOOK_MASTER ( ID, SUBJECT_NAME, BOOK_NAME, AUTHOR_NAMES) values ( 33, 'IIT - Physics', 'NCERT Physics Part II for Class XII', 'NCERT' ) ;
insert into BOOK_MASTER ( ID, SUBJECT_NAME, BOOK_NAME, AUTHOR_NAMES) values ( 34, 'IIT - Physics', 'Physics for JEE Adv. - Mechanics 1', 'B M Sharma' ) ;
insert into BOOK_MASTER ( ID, SUBJECT_NAME, BOOK_NAME, AUTHOR_NAMES) values ( 35, 'IIT - Physics', 'Physics for JEE Adv. - Mechanics II', 'B M Sharma' ) ;
insert into BOOK_MASTER ( ID, SUBJECT_NAME, BOOK_NAME, AUTHOR_NAMES) values ( 36, 'IIT - Physics', 'Physics for JEE Adv. - Waves and Thermodynamics', 'B M Sharma' ) ;
insert into BOOK_MASTER ( ID, SUBJECT_NAME, BOOK_NAME, AUTHOR_NAMES) values ( 37, 'IIT - Physics', 'Physics for JEE Adv. - Optics and Modern Physics', 'B M Sharma' ) ;
insert into BOOK_MASTER ( ID, SUBJECT_NAME, BOOK_NAME, AUTHOR_NAMES) values ( 38, 'IIT - Physics', 'Physics for JEE Adv. - Electrostatics and Current', 'B M Sharma' ) ;
insert into BOOK_MASTER ( ID, SUBJECT_NAME, BOOK_NAME, AUTHOR_NAMES) values ( 39, 'IIT - Physics', 'Physics for JEE Adv. - Magnetism and EMI', 'B M Sharma' ) ;
insert into BOOK_MASTER ( ID, SUBJECT_NAME, BOOK_NAME, AUTHOR_NAMES) values ( 40, 'IIT - Physics', '37 Years solved papers for IIT JEE Physics', 'Arihant' ) ;
insert into BOOK_MASTER ( ID, SUBJECT_NAME, BOOK_NAME, AUTHOR_NAMES) values ( 41, 'IIT - Maths', 'Problems in Mathematics', 'P.Dybov' ) ;
insert into BOOK_MASTER ( ID, SUBJECT_NAME, BOOK_NAME, AUTHOR_NAMES) values ( 42, 'IIT - Maths', 'FoM - Functions and Graphs', 'Sanjay Mishra' ) ;
insert into BOOK_MASTER ( ID, SUBJECT_NAME, BOOK_NAME, AUTHOR_NAMES) values ( 43, 'IIT - Maths', 'FoM - Algebra I', 'Sanjay Mishra' ) ;
insert into BOOK_MASTER ( ID, SUBJECT_NAME, BOOK_NAME, AUTHOR_NAMES) values ( 44, 'IIT - Maths', 'FoM - Algebra II', 'Sanjay Mishra' ) ;
insert into BOOK_MASTER ( ID, SUBJECT_NAME, BOOK_NAME, AUTHOR_NAMES) values ( 45, 'IIT - Maths', 'FoM - Coordinate Geometry', 'Sanjay Mishra' ) ;
insert into BOOK_MASTER ( ID, SUBJECT_NAME, BOOK_NAME, AUTHOR_NAMES) values ( 46, 'IIT - Maths', 'FoM - Differential Calculus', 'Sanjay Mishra' ) ;
insert into BOOK_MASTER ( ID, SUBJECT_NAME, BOOK_NAME, AUTHOR_NAMES) values ( 47, 'IIT - Maths', 'FoM - Integral Calculus', 'Sanjay Mishra' ) ;
insert into BOOK_MASTER ( ID, SUBJECT_NAME, BOOK_NAME, AUTHOR_NAMES) values ( 48, 'IIT - Maths', 'FoM - Trigonometry', 'Sanjay Mishra' ) ;
insert into BOOK_MASTER ( ID, SUBJECT_NAME, BOOK_NAME, AUTHOR_NAMES) values ( 49, 'IIT - Maths', 'A Problem book in Mathematical Analysis', 'GN Berman' ) ;
insert into BOOK_MASTER ( ID, SUBJECT_NAME, BOOK_NAME, AUTHOR_NAMES) values ( 50, 'IIT - Maths', 'Elementary Algebra', 'Hall & Knight' ) ;
insert into BOOK_MASTER ( ID, SUBJECT_NAME, BOOK_NAME, AUTHOR_NAMES) values ( 51, 'IIT - Maths', 'Higher Algebra', 'Hall & Knight' ) ;
insert into BOOK_MASTER ( ID, SUBJECT_NAME, BOOK_NAME, AUTHOR_NAMES) values ( 52, 'IIT - Maths', 'Mathematics for JEE Adv. - Algebra', 'G Tewani' ) ;
insert into BOOK_MASTER ( ID, SUBJECT_NAME, BOOK_NAME, AUTHOR_NAMES) values ( 53, 'IIT - Maths', 'Mathematics for JEE Adv. - Vectors and 3D Geometry', 'G Tewani' ) ;
insert into BOOK_MASTER ( ID, SUBJECT_NAME, BOOK_NAME, AUTHOR_NAMES) values ( 54, 'IIT - Maths', 'Mathematics for JEE Adv. - Trigonometry', 'G Tewani' ) ;
insert into BOOK_MASTER ( ID, SUBJECT_NAME, BOOK_NAME, AUTHOR_NAMES) values ( 55, 'IIT - Maths', 'Mathematics for JEE Adv. - Calculus', 'G Tewani' ) ;
insert into BOOK_MASTER ( ID, SUBJECT_NAME, BOOK_NAME, AUTHOR_NAMES) values ( 56, 'IIT - Maths', 'Mathematics for JEE Adv. - Coordinate Geometry', 'G Tewani' ) ;
insert into BOOK_MASTER ( ID, SUBJECT_NAME, BOOK_NAME, AUTHOR_NAMES) values ( 57, 'IIT - Maths', 'Problems+ in IIT maths', 'A Das Gupta' ) ;
insert into BOOK_MASTER ( ID, SUBJECT_NAME, BOOK_NAME, AUTHOR_NAMES) values ( 58, 'IIT - Maths', 'Calculus Vol.1', 'Tom Apostol' ) ;
insert into BOOK_MASTER ( ID, SUBJECT_NAME, BOOK_NAME, AUTHOR_NAMES) values ( 59, 'IIT - Maths', 'Calculus Vol.2', 'Tom Apostol' ) ;
insert into BOOK_MASTER ( ID, SUBJECT_NAME, BOOK_NAME, AUTHOR_NAMES) values ( 60, 'IIT - Maths', 'Calculus and Analytical Geometry', 'Thomas Finney' ) ;
insert into BOOK_MASTER ( ID, SUBJECT_NAME, BOOK_NAME, AUTHOR_NAMES) values ( 61, 'IIT - Maths', 'IIT Mathematics Vol.1', 'ML Khanna' ) ;
insert into BOOK_MASTER ( ID, SUBJECT_NAME, BOOK_NAME, AUTHOR_NAMES) values ( 62, 'IIT - Maths', 'IIT Mathematics Vol.2', 'ML Khanna' ) ;
insert into BOOK_MASTER ( ID, SUBJECT_NAME, BOOK_NAME, AUTHOR_NAMES) values ( 63, 'IIT - Maths', 'Linear Algebra: Geometric Approach', 'Kumaresan' ) ;
insert into BOOK_MASTER ( ID, SUBJECT_NAME, BOOK_NAME, AUTHOR_NAMES) values ( 64, 'IIT - Maths', 'Linear Algebra', 'Hoffman & Kunze' ) ;
insert into BOOK_MASTER ( ID, SUBJECT_NAME, BOOK_NAME, AUTHOR_NAMES) values ( 65, 'IIT - Maths', 'Statics and Dynamics pt.1', 'SL Loney' ) ;
insert into BOOK_MASTER ( ID, SUBJECT_NAME, BOOK_NAME, AUTHOR_NAMES) values ( 66, 'IIT - Maths', 'Statics and Dynamics pt.2', 'SL Loney' ) ;
insert into BOOK_MASTER ( ID, SUBJECT_NAME, BOOK_NAME, AUTHOR_NAMES) values ( 67, 'IIT - Maths', 'Plane Trigonometry pt.1', 'SL Loney' ) ;
insert into BOOK_MASTER ( ID, SUBJECT_NAME, BOOK_NAME, AUTHOR_NAMES) values ( 68, 'IIT - Maths', 'Plane Trigonometry pt.2', 'SL Loney' ) ;
insert into BOOK_MASTER ( ID, SUBJECT_NAME, BOOK_NAME, AUTHOR_NAMES) values ( 69, 'IIT - Maths', '37 Years Solved Papers IIT Mathematics', 'Amit M. Agarwal' ) ;
insert into BOOK_MASTER ( ID, SUBJECT_NAME, BOOK_NAME, AUTHOR_NAMES) values ( 70, 'IIT - Maths', 'NCERT Mathematics for Class 11', 'NCERT' ) ;
insert into BOOK_MASTER ( ID, SUBJECT_NAME, BOOK_NAME, AUTHOR_NAMES) values ( 71, 'IIT - Maths', 'NCERT Mathematics for Class 12 - pt.1', 'NCERT' ) ;
insert into BOOK_MASTER ( ID, SUBJECT_NAME, BOOK_NAME, AUTHOR_NAMES) values ( 72, 'IIT - Maths', 'NCERT Mathematics for Class 12 - pt.2', 'NCERT' ) ;

insert into TOPIC_MASTER( ID, SUBJECT_NAME, SECTION, TOPIC_NAME) values ( 1, 'IIT - Chemistry', 'section', 'Basic Concepts + Mole concept' ) ;
insert into TOPIC_MASTER( ID, SUBJECT_NAME, SECTION, TOPIC_NAME) values ( 2, 'IIT - Chemistry', 'Physical', 'States of Matter' ) ;
insert into TOPIC_MASTER( ID, SUBJECT_NAME, SECTION, TOPIC_NAME) values ( 3, 'IIT - Chemistry', 'Physical', 'Atomic Structure' ) ;
insert into TOPIC_MASTER( ID, SUBJECT_NAME, SECTION, TOPIC_NAME) values ( 4, 'IIT - Chemistry', 'Physical', 'Chemical bonding' ) ;
insert into TOPIC_MASTER( ID, SUBJECT_NAME, SECTION, TOPIC_NAME) values ( 5, 'IIT - Chemistry', 'Physical', 'Thermodynamics' ) ;
insert into TOPIC_MASTER( ID, SUBJECT_NAME, SECTION, TOPIC_NAME) values ( 6, 'IIT - Chemistry', 'Physical', 'Equilibrium' ) ;
insert into TOPIC_MASTER( ID, SUBJECT_NAME, SECTION, TOPIC_NAME) values ( 7, 'IIT - Chemistry', 'Physical', 'Redox Reactions' ) ;
insert into TOPIC_MASTER( ID, SUBJECT_NAME, SECTION, TOPIC_NAME) values ( 8, 'IIT - Chemistry', 'Physical', 'Electrochemistry' ) ;
insert into TOPIC_MASTER( ID, SUBJECT_NAME, SECTION, TOPIC_NAME) values ( 9, 'IIT - Chemistry', 'Physical', 'Chemical kinetics' ) ;
insert into TOPIC_MASTER( ID, SUBJECT_NAME, SECTION, TOPIC_NAME) values ( 10, 'IIT - Chemistry', 'Physical', 'Solutions' ) ;
insert into TOPIC_MASTER( ID, SUBJECT_NAME, SECTION, TOPIC_NAME) values ( 11, 'IIT - Chemistry', 'Physical', 'Surface Chemistry' ) ;
insert into TOPIC_MASTER( ID, SUBJECT_NAME, SECTION, TOPIC_NAME) values ( 12, 'IIT - Chemistry', 'Physical', 'Nuclear Chemistry' ) ;
insert into TOPIC_MASTER( ID, SUBJECT_NAME, SECTION, TOPIC_NAME) values ( 13, 'IIT - Chemistry', 'Physical', 'Classification of elements' ) ;
insert into TOPIC_MASTER( ID, SUBJECT_NAME, SECTION, TOPIC_NAME) values ( 14, 'IIT - Chemistry', 'Inorganic', 'Metallurgy' ) ;
insert into TOPIC_MASTER( ID, SUBJECT_NAME, SECTION, TOPIC_NAME) values ( 15, 'IIT - Chemistry', 'Inorganic', 'Hydrogen' ) ;
insert into TOPIC_MASTER( ID, SUBJECT_NAME, SECTION, TOPIC_NAME) values ( 16, 'IIT - Chemistry', 'Inorganic', 'S Block elements' ) ;
insert into TOPIC_MASTER( ID, SUBJECT_NAME, SECTION, TOPIC_NAME) values ( 17, 'IIT - Chemistry', 'Inorganic', 'P Block elements' ) ;
insert into TOPIC_MASTER( ID, SUBJECT_NAME, SECTION, TOPIC_NAME) values ( 18, 'IIT - Chemistry', 'Inorganic', 'D Block elements' ) ;
insert into TOPIC_MASTER( ID, SUBJECT_NAME, SECTION, TOPIC_NAME) values ( 19, 'IIT - Chemistry', 'Inorganic', 'F Block elements' ) ;
insert into TOPIC_MASTER( ID, SUBJECT_NAME, SECTION, TOPIC_NAME) values ( 20, 'IIT - Chemistry', 'Inorganic', 'Coordination compounds' ) ;
insert into TOPIC_MASTER( ID, SUBJECT_NAME, SECTION, TOPIC_NAME) values ( 21, 'IIT - Chemistry', 'Inorganic', 'Environmental chemistry' ) ;
insert into TOPIC_MASTER( ID, SUBJECT_NAME, SECTION, TOPIC_NAME) values ( 22, 'IIT - Chemistry', 'Inorganic', 'Isolation/Preparation of Nonmetals' ) ;
insert into TOPIC_MASTER( ID, SUBJECT_NAME, SECTION, TOPIC_NAME) values ( 23, 'IIT - Chemistry', 'Inorganic', 'Preparation and properties of compounds' ) ;
insert into TOPIC_MASTER( ID, SUBJECT_NAME, SECTION, TOPIC_NAME) values ( 24, 'IIT - Chemistry', 'Inorganic', 'Transition elements' ) ;
insert into TOPIC_MASTER( ID, SUBJECT_NAME, SECTION, TOPIC_NAME) values ( 25, 'IIT - Chemistry', 'Inorganic', 'Ores and Minerals' ) ;
insert into TOPIC_MASTER( ID, SUBJECT_NAME, SECTION, TOPIC_NAME) values ( 26, 'IIT - Chemistry', 'Inorganic', 'Qualitative Analysis' ) ;
insert into TOPIC_MASTER( ID, SUBJECT_NAME, SECTION, TOPIC_NAME) values ( 27, 'IIT - Chemistry', 'Inorganic', 'Basic Principles of Organic Chemistry' ) ;
insert into TOPIC_MASTER( ID, SUBJECT_NAME, SECTION, TOPIC_NAME) values ( 28, 'IIT - Chemistry', 'Organic', 'Hydrocarbons' ) ;
insert into TOPIC_MASTER( ID, SUBJECT_NAME, SECTION, TOPIC_NAME) values ( 29, 'IIT - Chemistry', 'Organic', 'Haloalkanes and Haloarenes' ) ;
insert into TOPIC_MASTER( ID, SUBJECT_NAME, SECTION, TOPIC_NAME) values ( 30, 'IIT - Chemistry', 'Organic', 'Alcohols, Phenols and Ethers' ) ;
insert into TOPIC_MASTER( ID, SUBJECT_NAME, SECTION, TOPIC_NAME) values ( 31, 'IIT - Chemistry', 'Organic', 'Aldehydes, Ketones and Carboxylic acids' ) ;
insert into TOPIC_MASTER( ID, SUBJECT_NAME, SECTION, TOPIC_NAME) values ( 32, 'IIT - Chemistry', 'Organic', 'Amines' ) ;
insert into TOPIC_MASTER( ID, SUBJECT_NAME, SECTION, TOPIC_NAME) values ( 33, 'IIT - Chemistry', 'Organic', 'Benzene' ) ;
insert into TOPIC_MASTER( ID, SUBJECT_NAME, SECTION, TOPIC_NAME) values ( 34, 'IIT - Chemistry', 'Organic', 'Phenols' ) ;
insert into TOPIC_MASTER( ID, SUBJECT_NAME, SECTION, TOPIC_NAME) values ( 35, 'IIT - Chemistry', 'Organic', 'Reactions in Organic Chemistry' ) ;
insert into TOPIC_MASTER( ID, SUBJECT_NAME, SECTION, TOPIC_NAME) values ( 36, 'IIT - Chemistry', 'Organic', 'Polymers' ) ;
insert into TOPIC_MASTER( ID, SUBJECT_NAME, SECTION, TOPIC_NAME) values ( 37, 'IIT - Chemistry', 'Organic', 'Biomolecules' ) ;
insert into TOPIC_MASTER( ID, SUBJECT_NAME, SECTION, TOPIC_NAME) values ( 38, 'IIT - Chemistry', 'Organic', 'Chemistry in Everyday Life' ) ;
insert into TOPIC_MASTER( ID, SUBJECT_NAME, SECTION, TOPIC_NAME) values ( 39, 'IIT - Chemistry', 'Practical', 'Practical Chemistry Principles' ) ;
insert into TOPIC_MASTER( ID, SUBJECT_NAME, SECTION, TOPIC_NAME) values ( 40, 'IIT - Physics', 'Practical', 'Measurement' ) ;
insert into TOPIC_MASTER( ID, SUBJECT_NAME, SECTION, TOPIC_NAME) values ( 41, 'IIT - Physics', 'General Physics', 'Units and Dimensions' ) ;
insert into TOPIC_MASTER( ID, SUBJECT_NAME, SECTION, TOPIC_NAME) values ( 42, 'IIT - Physics', 'General Physics', 'Kinematics - 1D' ) ;
insert into TOPIC_MASTER( ID, SUBJECT_NAME, SECTION, TOPIC_NAME) values ( 43, 'IIT - Physics', 'Mechanics', 'Kinematics - 2D' ) ;
insert into TOPIC_MASTER( ID, SUBJECT_NAME, SECTION, TOPIC_NAME) values ( 44, 'IIT - Physics', 'Mechanics', 'Laws of Motion' ) ;
insert into TOPIC_MASTER( ID, SUBJECT_NAME, SECTION, TOPIC_NAME) values ( 45, 'IIT - Physics', 'Mechanics', 'Work, Energy and Power' ) ;
insert into TOPIC_MASTER( ID, SUBJECT_NAME, SECTION, TOPIC_NAME) values ( 46, 'IIT - Physics', 'Mechanics', 'Center of mass and Collision' ) ;
insert into TOPIC_MASTER( ID, SUBJECT_NAME, SECTION, TOPIC_NAME) values ( 47, 'IIT - Physics', 'Mechanics', 'Gravitation' ) ;
insert into TOPIC_MASTER( ID, SUBJECT_NAME, SECTION, TOPIC_NAME) values ( 48, 'IIT - Physics', 'Mechanics', 'Rigid body dynamics' ) ;
insert into TOPIC_MASTER( ID, SUBJECT_NAME, SECTION, TOPIC_NAME) values ( 49, 'IIT - Physics', 'Mechanics', 'Oscillations' ) ;
insert into TOPIC_MASTER( ID, SUBJECT_NAME, SECTION, TOPIC_NAME) values ( 50, 'IIT - Physics', 'Mechanics', 'Properties of solids and liquids' ) ;
insert into TOPIC_MASTER( ID, SUBJECT_NAME, SECTION, TOPIC_NAME) values ( 51, 'IIT - Physics', 'Mechanics', 'Geometrical optics' ) ;
insert into TOPIC_MASTER( ID, SUBJECT_NAME, SECTION, TOPIC_NAME) values ( 52, 'IIT - Physics', 'Optics', 'Wave optics' ) ;
insert into TOPIC_MASTER( ID, SUBJECT_NAME, SECTION, TOPIC_NAME) values ( 53, 'IIT - Physics', 'Optics', 'Dual nature of matter and radiation' ) ;
insert into TOPIC_MASTER( ID, SUBJECT_NAME, SECTION, TOPIC_NAME) values ( 54, 'IIT - Physics', 'Modern Physics', 'Atomic Physics' ) ;
insert into TOPIC_MASTER( ID, SUBJECT_NAME, SECTION, TOPIC_NAME) values ( 55, 'IIT - Physics', 'Modern Physics', 'Electronic devices' ) ;
insert into TOPIC_MASTER( ID, SUBJECT_NAME, SECTION, TOPIC_NAME) values ( 56, 'IIT - Physics', 'Modern Physics', 'Communication systems' ) ;
insert into TOPIC_MASTER( ID, SUBJECT_NAME, SECTION, TOPIC_NAME) values ( 57, 'IIT - Physics', 'Modern Physics', 'Electromagnetic waves' ) ;
insert into TOPIC_MASTER( ID, SUBJECT_NAME, SECTION, TOPIC_NAME) values ( 58, 'IIT - Physics', 'Waves', 'Travelling waves' ) ;
insert into TOPIC_MASTER( ID, SUBJECT_NAME, SECTION, TOPIC_NAME) values ( 59, 'IIT - Physics', 'Waves', 'Superposition of waves' ) ;
insert into TOPIC_MASTER( ID, SUBJECT_NAME, SECTION, TOPIC_NAME) values ( 60, 'IIT - Physics', 'Waves', 'Sound waves' ) ;
insert into TOPIC_MASTER( ID, SUBJECT_NAME, SECTION, TOPIC_NAME) values ( 61, 'IIT - Physics', 'Waves', 'Thermal properties of Matter' ) ;
insert into TOPIC_MASTER( ID, SUBJECT_NAME, SECTION, TOPIC_NAME) values ( 62, 'IIT - Physics', 'Heat and Thermodynamics', 'Kinetic theory of gases' ) ;
insert into TOPIC_MASTER( ID, SUBJECT_NAME, SECTION, TOPIC_NAME) values ( 63, 'IIT - Physics', 'Heat and Thermodynamics', 'Laws of Thermodynamics' ) ;
insert into TOPIC_MASTER( ID, SUBJECT_NAME, SECTION, TOPIC_NAME) values ( 64, 'IIT - Physics', 'Heat and Thermodynamics', 'Static electricity' ) ;
insert into TOPIC_MASTER( ID, SUBJECT_NAME, SECTION, TOPIC_NAME) values ( 65, 'IIT - Physics', 'Electricity', 'Current electricity' ) ;
insert into TOPIC_MASTER( ID, SUBJECT_NAME, SECTION, TOPIC_NAME) values ( 66, 'IIT - Physics', 'Electricity', 'Capacitor' ) ;
insert into TOPIC_MASTER( ID, SUBJECT_NAME, SECTION, TOPIC_NAME) values ( 67, 'IIT - Physics', 'Electricity', 'Magnetic fields and Forces' ) ;
insert into TOPIC_MASTER( ID, SUBJECT_NAME, SECTION, TOPIC_NAME) values ( 68, 'IIT - Physics', 'Magnetism', 'Electromagnetic Induction' ) ;
insert into TOPIC_MASTER( ID, SUBJECT_NAME, SECTION, TOPIC_NAME) values ( 69, 'IIT - Physics', 'Magnetism', 'Alternating current' ) ;
insert into TOPIC_MASTER( ID, SUBJECT_NAME, SECTION, TOPIC_NAME) values ( 70, 'IIT - Maths', 'Magnetism', 'Inequalities and Absolute Value' ) ;
insert into TOPIC_MASTER( ID, SUBJECT_NAME, SECTION, TOPIC_NAME) values ( 71, 'IIT - Maths', 'Algebra', 'Theory of Equations' ) ;
insert into TOPIC_MASTER( ID, SUBJECT_NAME, SECTION, TOPIC_NAME) values ( 72, 'IIT - Maths', 'Algebra', 'Complex Numbers' ) ;
insert into TOPIC_MASTER( ID, SUBJECT_NAME, SECTION, TOPIC_NAME) values ( 73, 'IIT - Maths', 'Algebra', 'Progression and Series' ) ;
insert into TOPIC_MASTER( ID, SUBJECT_NAME, SECTION, TOPIC_NAME) values ( 74, 'IIT - Maths', 'Algebra', 'Inequallities involving Means' ) ;
insert into TOPIC_MASTER( ID, SUBJECT_NAME, SECTION, TOPIC_NAME) values ( 75, 'IIT - Maths', 'Algebra', 'Permutations and combinations' ) ;
insert into TOPIC_MASTER( ID, SUBJECT_NAME, SECTION, TOPIC_NAME) values ( 76, 'IIT - Maths', 'Algebra', 'Binomial Theorem' ) ;
insert into TOPIC_MASTER( ID, SUBJECT_NAME, SECTION, TOPIC_NAME) values ( 77, 'IIT - Maths', 'Algebra', 'Determinants' ) ;
insert into TOPIC_MASTER( ID, SUBJECT_NAME, SECTION, TOPIC_NAME) values ( 78, 'IIT - Maths', 'Algebra', 'Matrices' ) ;
insert into TOPIC_MASTER( ID, SUBJECT_NAME, SECTION, TOPIC_NAME) values ( 79, 'IIT - Maths', 'Algebra', 'Probability' ) ;
insert into TOPIC_MASTER( ID, SUBJECT_NAME, SECTION, TOPIC_NAME) values ( 80, 'IIT - Maths', 'Algebra', 'Logarithm and its applications' ) ;
insert into TOPIC_MASTER( ID, SUBJECT_NAME, SECTION, TOPIC_NAME) values ( 81, 'IIT - Maths', 'Trigonometry', 'Trigonometric Functions' ) ;
insert into TOPIC_MASTER( ID, SUBJECT_NAME, SECTION, TOPIC_NAME) values ( 82, 'IIT - Maths', 'Trigonometry', 'Compound, Multiple, Sub-multiple & Transformation' ) ;
insert into TOPIC_MASTER( ID, SUBJECT_NAME, SECTION, TOPIC_NAME) values ( 83, 'IIT - Maths', 'Trigonometry', 'Inverse Trigonometric Functions' ) ;
insert into TOPIC_MASTER( ID, SUBJECT_NAME, SECTION, TOPIC_NAME) values ( 84, 'IIT - Maths', 'Trigonometry', 'Properties of Triangle' ) ;
insert into TOPIC_MASTER( ID, SUBJECT_NAME, SECTION, TOPIC_NAME) values ( 85, 'IIT - Maths', 'Trigonometry', 'Coordinate System' ) ;
insert into TOPIC_MASTER( ID, SUBJECT_NAME, SECTION, TOPIC_NAME) values ( 86, 'IIT - Maths', 'Analytical Geometry - 2D', 'Straight Line' ) ;
insert into TOPIC_MASTER( ID, SUBJECT_NAME, SECTION, TOPIC_NAME) values ( 87, 'IIT - Maths', 'Analytical Geometry - 2D', 'Pair of Straight Lines' ) ;
insert into TOPIC_MASTER( ID, SUBJECT_NAME, SECTION, TOPIC_NAME) values ( 88, 'IIT - Maths', 'Analytical Geometry - 2D', 'Circle' ) ;
insert into TOPIC_MASTER( ID, SUBJECT_NAME, SECTION, TOPIC_NAME) values ( 89, 'IIT - Maths', 'Analytical Geometry - 2D', 'Parabola' ) ;
insert into TOPIC_MASTER( ID, SUBJECT_NAME, SECTION, TOPIC_NAME) values ( 90, 'IIT - Maths', 'Analytical Geometry - 2D', 'Ellipse' ) ;
insert into TOPIC_MASTER( ID, SUBJECT_NAME, SECTION, TOPIC_NAME) values ( 91, 'IIT - Maths', 'Analytical Geometry - 2D', 'Hyperbola' ) ;
insert into TOPIC_MASTER( ID, SUBJECT_NAME, SECTION, TOPIC_NAME) values ( 92, 'IIT - Maths', 'Analytical Geometry - 2D', '3D Geometry' ) ;
insert into TOPIC_MASTER( ID, SUBJECT_NAME, SECTION, TOPIC_NAME) values ( 93, 'IIT - Maths', 'Analytical Geometry - 3D', 'Functions' ) ;
insert into TOPIC_MASTER( ID, SUBJECT_NAME, SECTION, TOPIC_NAME) values ( 94, 'IIT - Maths', 'Differential Calculus', 'Limits' ) ;
insert into TOPIC_MASTER( ID, SUBJECT_NAME, SECTION, TOPIC_NAME) values ( 95, 'IIT - Maths', 'Differential Calculus', 'Continuity and Differentiability' ) ;
insert into TOPIC_MASTER( ID, SUBJECT_NAME, SECTION, TOPIC_NAME) values ( 96, 'IIT - Maths', 'Differential Calculus', 'Methods of Differentiation' ) ;
insert into TOPIC_MASTER( ID, SUBJECT_NAME, SECTION, TOPIC_NAME) values ( 97, 'IIT - Maths', 'Differential Calculus', 'Application of Derivatives' ) ;
insert into TOPIC_MASTER( ID, SUBJECT_NAME, SECTION, TOPIC_NAME) values ( 98, 'IIT - Maths', 'Differential Calculus', 'Monotonicity and Maxima-Minima for Functions' ) ;
insert into TOPIC_MASTER( ID, SUBJECT_NAME, SECTION, TOPIC_NAME) values ( 99, 'IIT - Maths', 'Differential Calculus', 'Indefinite Integration' ) ;
insert into TOPIC_MASTER( ID, SUBJECT_NAME, SECTION, TOPIC_NAME) values ( 100, 'IIT - Maths', 'Integral Calculus', 'Area' ) ;
insert into TOPIC_MASTER( ID, SUBJECT_NAME, SECTION, TOPIC_NAME) values ( 101, 'IIT - Maths', 'Integral Calculus', 'Differential Equations' ) ;
insert into TOPIC_MASTER( ID, SUBJECT_NAME, SECTION, TOPIC_NAME) values ( 102, 'IIT - Maths', 'Integral Calculus', 'Introduction to Vectors' ) ;
insert into TOPIC_MASTER( ID, SUBJECT_NAME, SECTION, TOPIC_NAME) values ( 103, 'IIT - Maths', 'Vectors', 'Product of Vectors' ) ;

insert into PROBLEM_MASTER( ID, BOOK_ID, TOPIC_ID, EXERCISE_NAME, TAG) values ( 1, 54, 81, 'CAE_2.1', '1' ) ;
insert into PROBLEM_MASTER( ID, BOOK_ID, TOPIC_ID, EXERCISE_NAME, TAG) values ( 2, 54, 81, 'CAE_2.1', '2' ) ;
insert into PROBLEM_MASTER( ID, BOOK_ID, TOPIC_ID, EXERCISE_NAME, TAG) values ( 3, 54, 81, 'CAE_2.1', '3' ) ;
insert into PROBLEM_MASTER( ID, BOOK_ID, TOPIC_ID, EXERCISE_NAME, TAG) values ( 4, 54, 81, 'CAE_2.1', '4' ) ;
insert into PROBLEM_MASTER( ID, BOOK_ID, TOPIC_ID, EXERCISE_NAME, TAG) values ( 5, 54, 81, 'CAE_2.1', '5' ) ;
insert into PROBLEM_MASTER( ID, BOOK_ID, TOPIC_ID, EXERCISE_NAME, TAG) values ( 6, 54, 81, 'CAE_2.1', '6' ) ;
insert into PROBLEM_MASTER( ID, BOOK_ID, TOPIC_ID, EXERCISE_NAME, TAG) values ( 7, 54, 81, 'CAE_2.1', '7' ) ;
insert into PROBLEM_MASTER( ID, BOOK_ID, TOPIC_ID, EXERCISE_NAME, TAG) values ( 8, 54, 81, 'CAE_2.2', '1' ) ;
insert into PROBLEM_MASTER( ID, BOOK_ID, TOPIC_ID, EXERCISE_NAME, TAG) values ( 9, 54, 81, 'CAE_2.2', '2' ) ;
insert into PROBLEM_MASTER( ID, BOOK_ID, TOPIC_ID, EXERCISE_NAME, TAG) values ( 10, 54, 81, 'CAE_2.2', '3' ) ;
insert into PROBLEM_MASTER( ID, BOOK_ID, TOPIC_ID, EXERCISE_NAME, TAG) values ( 11, 54, 81, 'CAE_2.2', '4' ) ;
insert into PROBLEM_MASTER( ID, BOOK_ID, TOPIC_ID, EXERCISE_NAME, TAG) values ( 12, 54, 81, 'CAE_2.3', '1' ) ;
insert into PROBLEM_MASTER( ID, BOOK_ID, TOPIC_ID, EXERCISE_NAME, TAG) values ( 13, 54, 81, 'CAE_2.3', '2' ) ;
insert into PROBLEM_MASTER( ID, BOOK_ID, TOPIC_ID, EXERCISE_NAME, TAG) values ( 14, 54, 81, 'CAE_2.3', '3' ) ;
insert into PROBLEM_MASTER( ID, BOOK_ID, TOPIC_ID, EXERCISE_NAME, TAG) values ( 15, 54, 81, 'CAE_2.3', '4' ) ;
insert into PROBLEM_MASTER( ID, BOOK_ID, TOPIC_ID, EXERCISE_NAME, TAG) values ( 16, 54, 81, 'CAE_2.4', '1' ) ;
insert into PROBLEM_MASTER( ID, BOOK_ID, TOPIC_ID, EXERCISE_NAME, TAG) values ( 17, 54, 81, 'CAE_2.4', '2' ) ;
insert into PROBLEM_MASTER( ID, BOOK_ID, TOPIC_ID, EXERCISE_NAME, TAG) values ( 18, 54, 81, 'CAE_2.4', '3' ) ;
insert into PROBLEM_MASTER( ID, BOOK_ID, TOPIC_ID, EXERCISE_NAME, TAG) values ( 19, 54, 81, 'CAE_2.4', '4' ) ;
insert into PROBLEM_MASTER( ID, BOOK_ID, TOPIC_ID, EXERCISE_NAME, TAG) values ( 20, 54, 81, 'CAE_2.4', '5' ) ;
insert into PROBLEM_MASTER( ID, BOOK_ID, TOPIC_ID, EXERCISE_NAME, TAG) values ( 21, 54, 81, 'CAE_2.4', '6' ) ;
insert into PROBLEM_MASTER( ID, BOOK_ID, TOPIC_ID, EXERCISE_NAME, TAG) values ( 22, 54, 81, 'CAE_2.4', '7' ) ;
insert into PROBLEM_MASTER( ID, BOOK_ID, TOPIC_ID, EXERCISE_NAME, TAG) values ( 23, 54, 81, 'CAE_2.4', '8' ) ;
insert into PROBLEM_MASTER( ID, BOOK_ID, TOPIC_ID, EXERCISE_NAME, TAG) values ( 24, 54, 81, 'CAE_2.4', '9' ) ;
insert into PROBLEM_MASTER( ID, BOOK_ID, TOPIC_ID, EXERCISE_NAME, TAG) values ( 25, 54, 81, 'CAE_2.4', '10' ) ;
insert into PROBLEM_MASTER( ID, BOOK_ID, TOPIC_ID, EXERCISE_NAME, TAG) values ( 26, 54, 81, 'CAE_2.4', '11' ) ;
insert into PROBLEM_MASTER( ID, BOOK_ID, TOPIC_ID, EXERCISE_NAME, TAG) values ( 27, 54, 81, 'CAE_2.4', '12' ) ;
insert into PROBLEM_MASTER( ID, BOOK_ID, TOPIC_ID, EXERCISE_NAME, TAG) values ( 28, 54, 81, 'CAE_2.5', '1' ) ;
insert into PROBLEM_MASTER( ID, BOOK_ID, TOPIC_ID, EXERCISE_NAME, TAG) values ( 29, 54, 81, 'CAE_2.5', '2' ) ;
insert into PROBLEM_MASTER( ID, BOOK_ID, TOPIC_ID, EXERCISE_NAME, TAG) values ( 30, 54, 81, 'CAE_2.5', '3' ) ;
insert into PROBLEM_MASTER( ID, BOOK_ID, TOPIC_ID, EXERCISE_NAME, TAG) values ( 31, 54, 81, 'CAE_2.5', '4' ) ;
insert into PROBLEM_MASTER( ID, BOOK_ID, TOPIC_ID, EXERCISE_NAME, TAG) values ( 32, 54, 81, 'CAE_2.5', '5' ) ;
insert into PROBLEM_MASTER( ID, BOOK_ID, TOPIC_ID, EXERCISE_NAME, TAG) values ( 33, 54, 81, 'CAE_2.5', '6' ) ;
insert into PROBLEM_MASTER( ID, BOOK_ID, TOPIC_ID, EXERCISE_NAME, TAG) values ( 34, 54, 81, 'CAE_2.5', '7' ) ;
insert into PROBLEM_MASTER( ID, BOOK_ID, TOPIC_ID, EXERCISE_NAME, TAG) values ( 35, 54, 81, 'CAE_2.5', '8' ) ;
insert into PROBLEM_MASTER( ID, BOOK_ID, TOPIC_ID, EXERCISE_NAME, TAG) values ( 36, 54, 81, 'CAE_2.5', '9' ) ;
insert into PROBLEM_MASTER( ID, BOOK_ID, TOPIC_ID, EXERCISE_NAME, TAG) values ( 37, 54, 81, 'Subjective', '1' ) ;
insert into PROBLEM_MASTER( ID, BOOK_ID, TOPIC_ID, EXERCISE_NAME, TAG) values ( 38, 54, 81, 'Subjective', '2' ) ;
insert into PROBLEM_MASTER( ID, BOOK_ID, TOPIC_ID, EXERCISE_NAME, TAG) values ( 39, 54, 81, 'Subjective', '3' ) ;
insert into PROBLEM_MASTER( ID, BOOK_ID, TOPIC_ID, EXERCISE_NAME, TAG) values ( 40, 54, 81, 'Subjective', '4' ) ;
insert into PROBLEM_MASTER( ID, BOOK_ID, TOPIC_ID, EXERCISE_NAME, TAG) values ( 41, 54, 81, 'Subjective', '5' ) ;
insert into PROBLEM_MASTER( ID, BOOK_ID, TOPIC_ID, EXERCISE_NAME, TAG) values ( 42, 54, 81, 'Subjective', '6' ) ;
insert into PROBLEM_MASTER( ID, BOOK_ID, TOPIC_ID, EXERCISE_NAME, TAG) values ( 43, 54, 81, 'Subjective', '7' ) ;
insert into PROBLEM_MASTER( ID, BOOK_ID, TOPIC_ID, EXERCISE_NAME, TAG) values ( 44, 54, 81, 'Subjective', '8' ) ;
insert into PROBLEM_MASTER( ID, BOOK_ID, TOPIC_ID, EXERCISE_NAME, TAG) values ( 45, 54, 81, 'Subjective', '9' ) ;
insert into PROBLEM_MASTER( ID, BOOK_ID, TOPIC_ID, EXERCISE_NAME, TAG) values ( 46, 54, 81, 'Single Correct Answer', '1' ) ;
insert into PROBLEM_MASTER( ID, BOOK_ID, TOPIC_ID, EXERCISE_NAME, TAG) values ( 47, 54, 81, 'Single Correct Answer', '2' ) ;
insert into PROBLEM_MASTER( ID, BOOK_ID, TOPIC_ID, EXERCISE_NAME, TAG) values ( 48, 54, 81, 'Single Correct Answer', '3' ) ;
insert into PROBLEM_MASTER( ID, BOOK_ID, TOPIC_ID, EXERCISE_NAME, TAG) values ( 49, 54, 81, 'Single Correct Answer', '4' ) ;
insert into PROBLEM_MASTER( ID, BOOK_ID, TOPIC_ID, EXERCISE_NAME, TAG) values ( 50, 54, 81, 'Single Correct Answer', '5' ) ;
insert into PROBLEM_MASTER( ID, BOOK_ID, TOPIC_ID, EXERCISE_NAME, TAG) values ( 51, 54, 81, 'Single Correct Answer', '6' ) ;
insert into PROBLEM_MASTER( ID, BOOK_ID, TOPIC_ID, EXERCISE_NAME, TAG) values ( 52, 54, 81, 'Single Correct Answer', '7' ) ;
insert into PROBLEM_MASTER( ID, BOOK_ID, TOPIC_ID, EXERCISE_NAME, TAG) values ( 53, 54, 81, 'Single Correct Answer', '8' ) ;
insert into PROBLEM_MASTER( ID, BOOK_ID, TOPIC_ID, EXERCISE_NAME, TAG) values ( 54, 54, 81, 'Single Correct Answer', '9' ) ;
insert into PROBLEM_MASTER( ID, BOOK_ID, TOPIC_ID, EXERCISE_NAME, TAG) values ( 55, 54, 81, 'Single Correct Answer', '10' ) ;
insert into PROBLEM_MASTER( ID, BOOK_ID, TOPIC_ID, EXERCISE_NAME, TAG) values ( 56, 54, 81, 'Single Correct Answer', '11' ) ;
insert into PROBLEM_MASTER( ID, BOOK_ID, TOPIC_ID, EXERCISE_NAME, TAG) values ( 57, 54, 81, 'Single Correct Answer', '12' ) ;
insert into PROBLEM_MASTER( ID, BOOK_ID, TOPIC_ID, EXERCISE_NAME, TAG) values ( 58, 54, 81, 'Single Correct Answer', '13' ) ;
insert into PROBLEM_MASTER( ID, BOOK_ID, TOPIC_ID, EXERCISE_NAME, TAG) values ( 59, 54, 81, 'Single Correct Answer', '14' ) ;
insert into PROBLEM_MASTER( ID, BOOK_ID, TOPIC_ID, EXERCISE_NAME, TAG) values ( 60, 54, 81, 'Single Correct Answer', '15' ) ;
insert into PROBLEM_MASTER( ID, BOOK_ID, TOPIC_ID, EXERCISE_NAME, TAG) values ( 61, 54, 81, 'Single Correct Answer', '16' ) ;
insert into PROBLEM_MASTER( ID, BOOK_ID, TOPIC_ID, EXERCISE_NAME, TAG) values ( 62, 54, 81, 'Single Correct Answer', '17' ) ;
insert into PROBLEM_MASTER( ID, BOOK_ID, TOPIC_ID, EXERCISE_NAME, TAG) values ( 63, 54, 81, 'Single Correct Answer', '18' ) ;
insert into PROBLEM_MASTER( ID, BOOK_ID, TOPIC_ID, EXERCISE_NAME, TAG) values ( 64, 54, 81, 'Single Correct Answer', '19' ) ;
insert into PROBLEM_MASTER( ID, BOOK_ID, TOPIC_ID, EXERCISE_NAME, TAG) values ( 65, 54, 81, 'Single Correct Answer', '20' ) ;
insert into PROBLEM_MASTER( ID, BOOK_ID, TOPIC_ID, EXERCISE_NAME, TAG) values ( 66, 54, 81, 'Single Correct Answer', '21' ) ;
insert into PROBLEM_MASTER( ID, BOOK_ID, TOPIC_ID, EXERCISE_NAME, TAG) values ( 67, 54, 81, 'Single Correct Answer', '22' ) ;
insert into PROBLEM_MASTER( ID, BOOK_ID, TOPIC_ID, EXERCISE_NAME, TAG) values ( 68, 54, 81, 'Single Correct Answer', '23' ) ;
insert into PROBLEM_MASTER( ID, BOOK_ID, TOPIC_ID, EXERCISE_NAME, TAG) values ( 69, 54, 81, 'Single Correct Answer', '24' ) ;
insert into PROBLEM_MASTER( ID, BOOK_ID, TOPIC_ID, EXERCISE_NAME, TAG) values ( 70, 54, 81, 'Single Correct Answer', '25' ) ;
insert into PROBLEM_MASTER( ID, BOOK_ID, TOPIC_ID, EXERCISE_NAME, TAG) values ( 71, 54, 81, 'Single Correct Answer', '26' ) ;
insert into PROBLEM_MASTER( ID, BOOK_ID, TOPIC_ID, EXERCISE_NAME, TAG) values ( 72, 54, 81, 'Single Correct Answer', '27' ) ;
insert into PROBLEM_MASTER( ID, BOOK_ID, TOPIC_ID, EXERCISE_NAME, TAG) values ( 73, 54, 81, 'Single Correct Answer', '28' ) ;
insert into PROBLEM_MASTER( ID, BOOK_ID, TOPIC_ID, EXERCISE_NAME, TAG) values ( 74, 54, 81, 'Single Correct Answer', '29' ) ;
insert into PROBLEM_MASTER( ID, BOOK_ID, TOPIC_ID, EXERCISE_NAME, TAG) values ( 75, 54, 81, 'Single Correct Answer', '30' ) ;
insert into PROBLEM_MASTER( ID, BOOK_ID, TOPIC_ID, EXERCISE_NAME, TAG) values ( 76, 54, 81, 'Single Correct Answer', '31' ) ;
insert into PROBLEM_MASTER( ID, BOOK_ID, TOPIC_ID, EXERCISE_NAME, TAG) values ( 77, 54, 81, 'Single Correct Answer', '32' ) ;
insert into PROBLEM_MASTER( ID, BOOK_ID, TOPIC_ID, EXERCISE_NAME, TAG) values ( 78, 54, 81, 'Single Correct Answer', '33' ) ;
insert into PROBLEM_MASTER( ID, BOOK_ID, TOPIC_ID, EXERCISE_NAME, TAG) values ( 79, 54, 81, 'Single Correct Answer', '34' ) ;
insert into PROBLEM_MASTER( ID, BOOK_ID, TOPIC_ID, EXERCISE_NAME, TAG) values ( 80, 54, 81, 'Single Correct Answer', '35' ) ;
insert into PROBLEM_MASTER( ID, BOOK_ID, TOPIC_ID, EXERCISE_NAME, TAG) values ( 81, 54, 81, 'Single Correct Answer', '36' ) ;
insert into PROBLEM_MASTER( ID, BOOK_ID, TOPIC_ID, EXERCISE_NAME, TAG) values ( 82, 54, 81, 'Single Correct Answer', '37' ) ;
insert into PROBLEM_MASTER( ID, BOOK_ID, TOPIC_ID, EXERCISE_NAME, TAG) values ( 83, 54, 81, 'Single Correct Answer', '38' ) ;
insert into PROBLEM_MASTER( ID, BOOK_ID, TOPIC_ID, EXERCISE_NAME, TAG) values ( 84, 54, 81, 'Single Correct Answer', '39' ) ;
insert into PROBLEM_MASTER( ID, BOOK_ID, TOPIC_ID, EXERCISE_NAME, TAG) values ( 85, 54, 81, 'Single Correct Answer', '40' ) ;
insert into PROBLEM_MASTER( ID, BOOK_ID, TOPIC_ID, EXERCISE_NAME, TAG) values ( 86, 54, 81, 'Multiple Correct Answers', '1' ) ;
insert into PROBLEM_MASTER( ID, BOOK_ID, TOPIC_ID, EXERCISE_NAME, TAG) values ( 87, 54, 81, 'Multiple Correct Answers', '2' ) ;
insert into PROBLEM_MASTER( ID, BOOK_ID, TOPIC_ID, EXERCISE_NAME, TAG) values ( 88, 54, 81, 'Multiple Correct Answers', '3' ) ;
insert into PROBLEM_MASTER( ID, BOOK_ID, TOPIC_ID, EXERCISE_NAME, TAG) values ( 89, 54, 81, 'Multiple Correct Answers', '4' ) ;
insert into PROBLEM_MASTER( ID, BOOK_ID, TOPIC_ID, EXERCISE_NAME, TAG) values ( 90, 54, 81, 'Multiple Correct Answers', '5' ) ;
insert into PROBLEM_MASTER( ID, BOOK_ID, TOPIC_ID, EXERCISE_NAME, TAG) values ( 91, 54, 81, 'Multiple Correct Answers', '6' ) ;
insert into PROBLEM_MASTER( ID, BOOK_ID, TOPIC_ID, EXERCISE_NAME, TAG) values ( 92, 54, 81, 'Multiple Correct Answers', '7' ) ;
insert into PROBLEM_MASTER( ID, BOOK_ID, TOPIC_ID, EXERCISE_NAME, TAG) values ( 93, 54, 81, 'Multiple Correct Answers', '8' ) ;
insert into PROBLEM_MASTER( ID, BOOK_ID, TOPIC_ID, EXERCISE_NAME, TAG) values ( 94, 54, 81, 'Multiple Correct Answers', '9' ) ;
insert into PROBLEM_MASTER( ID, BOOK_ID, TOPIC_ID, EXERCISE_NAME, TAG) values ( 95, 54, 81, 'Multiple Correct Answers', '10' ) ;
insert into PROBLEM_MASTER( ID, BOOK_ID, TOPIC_ID, EXERCISE_NAME, TAG) values ( 96, 54, 81, 'Multiple Correct Answers', '11' ) ;
insert into PROBLEM_MASTER( ID, BOOK_ID, TOPIC_ID, EXERCISE_NAME, TAG) values ( 97, 54, 81, 'Multiple Correct Answers', '12' ) ;
insert into PROBLEM_MASTER( ID, BOOK_ID, TOPIC_ID, EXERCISE_NAME, TAG) values ( 98, 54, 81, 'Reasoning Type', '1' ) ;
insert into PROBLEM_MASTER( ID, BOOK_ID, TOPIC_ID, EXERCISE_NAME, TAG) values ( 99, 54, 81, 'Reasoning Type', '2' ) ;
insert into PROBLEM_MASTER( ID, BOOK_ID, TOPIC_ID, EXERCISE_NAME, TAG) values ( 100, 54, 81, 'Reasoning Type', '3' ) ;
insert into PROBLEM_MASTER( ID, BOOK_ID, TOPIC_ID, EXERCISE_NAME, TAG) values ( 101, 54, 81, 'Reasoning Type', '4' ) ;
insert into PROBLEM_MASTER( ID, BOOK_ID, TOPIC_ID, EXERCISE_NAME, TAG) values ( 102, 54, 81, 'Reasoning Type', '5' ) ;
insert into PROBLEM_MASTER( ID, BOOK_ID, TOPIC_ID, EXERCISE_NAME, TAG) values ( 103, 54, 81, 'Reasoning Type', '6' ) ;
insert into PROBLEM_MASTER( ID, BOOK_ID, TOPIC_ID, EXERCISE_NAME, TAG) values ( 104, 54, 81, 'Reasoning Type', '7' ) ;
insert into PROBLEM_MASTER( ID, BOOK_ID, TOPIC_ID, EXERCISE_NAME, TAG) values ( 105, 54, 81, 'Reasoning Type', '8' ) ;
insert into PROBLEM_MASTER( ID, BOOK_ID, TOPIC_ID, EXERCISE_NAME, TAG) values ( 106, 54, 81, 'Matrix Match Type@1', 'a' ) ;
insert into PROBLEM_MASTER( ID, BOOK_ID, TOPIC_ID, EXERCISE_NAME, TAG) values ( 107, 54, 81, 'Matrix Match Type@1', 'b' ) ;
insert into PROBLEM_MASTER( ID, BOOK_ID, TOPIC_ID, EXERCISE_NAME, TAG) values ( 108, 54, 81, 'Matrix Match Type@1', 'c' ) ;
insert into PROBLEM_MASTER( ID, BOOK_ID, TOPIC_ID, EXERCISE_NAME, TAG) values ( 109, 54, 81, 'Matrix Match Type@1', 'd' ) ;
insert into PROBLEM_MASTER( ID, BOOK_ID, TOPIC_ID, EXERCISE_NAME, TAG) values ( 110, 54, 81, 'Matrix Match Type@2', 'a' ) ;
insert into PROBLEM_MASTER( ID, BOOK_ID, TOPIC_ID, EXERCISE_NAME, TAG) values ( 111, 54, 81, 'Matrix Match Type@2', 'b' ) ;
insert into PROBLEM_MASTER( ID, BOOK_ID, TOPIC_ID, EXERCISE_NAME, TAG) values ( 112, 54, 81, 'Matrix Match Type@2', 'c' ) ;
insert into PROBLEM_MASTER( ID, BOOK_ID, TOPIC_ID, EXERCISE_NAME, TAG) values ( 113, 54, 81, 'Matrix Match Type@2', 'd' ) ;
insert into PROBLEM_MASTER( ID, BOOK_ID, TOPIC_ID, EXERCISE_NAME, TAG) values ( 114, 54, 81, 'Matrix Match Type@3', 'a' ) ;
insert into PROBLEM_MASTER( ID, BOOK_ID, TOPIC_ID, EXERCISE_NAME, TAG) values ( 115, 54, 81, 'Matrix Match Type@3', 'b' ) ;
insert into PROBLEM_MASTER( ID, BOOK_ID, TOPIC_ID, EXERCISE_NAME, TAG) values ( 116, 54, 81, 'Matrix Match Type@3', 'c' ) ;
insert into PROBLEM_MASTER( ID, BOOK_ID, TOPIC_ID, EXERCISE_NAME, TAG) values ( 117, 54, 81, 'Matrix Match Type@3', 'd' ) ;
insert into PROBLEM_MASTER( ID, BOOK_ID, TOPIC_ID, EXERCISE_NAME, TAG) values ( 118, 54, 81, 'Integer Type', '1' ) ;
insert into PROBLEM_MASTER( ID, BOOK_ID, TOPIC_ID, EXERCISE_NAME, TAG) values ( 119, 54, 81, 'Integer Type', '2' ) ;
insert into PROBLEM_MASTER( ID, BOOK_ID, TOPIC_ID, EXERCISE_NAME, TAG) values ( 120, 54, 81, 'Integer Type', '3' ) ;
insert into PROBLEM_MASTER( ID, BOOK_ID, TOPIC_ID, EXERCISE_NAME, TAG) values ( 121, 54, 81, 'Integer Type', '4' ) ;
insert into PROBLEM_MASTER( ID, BOOK_ID, TOPIC_ID, EXERCISE_NAME, TAG) values ( 122, 54, 81, 'Integer Type', '5' ) ;
insert into PROBLEM_MASTER( ID, BOOK_ID, TOPIC_ID, EXERCISE_NAME, TAG) values ( 123, 54, 81, 'Integer Type', '6' ) ;
insert into PROBLEM_MASTER( ID, BOOK_ID, TOPIC_ID, EXERCISE_NAME, TAG) values ( 124, 54, 81, 'Integer Type', '7' ) ;
insert into PROBLEM_MASTER( ID, BOOK_ID, TOPIC_ID, EXERCISE_NAME, TAG) values ( 125, 54, 81, 'Integer Type', '8' ) ;